{
    "type": "origins:multiple",
    "tail_one": {
        "type": "origins:resource",
        "max": 500,
        "min": 0,
        "hud_render": {
            "should_render": true,
            "sprite_location": "origins:textures/gui/community/huang/resource_bar_01.png",
            "bar_index": 1,
            "condition": {
                "type": "origins:resource",
                "comparison": "==",
                "resource": "kitsune:tail_tracker_tails",
                "compare_to": 1
            }
        },
        "max_action": {
            "type": "origins:and",
            "actions": [
                {
                    "type": "origins:change_resource",
                    "operation": "set",
                    "resource": "kitsune:tail_tracker_tails",
                    "change": 2
                },
                {
                    "type": "origins:execute_command",
                    "command": "function kitsune:tail_triggers/tail_two"
                },
                {
                    "type": "origins:change_resource",
                    "operation": "set",
                    "resource": "kitsune:exp_tail_one",
                    "change": 0
                }
            ]
        }
    },
    "tail_two": {
        "type": "origins:resource",
        "max": 750,
        "min": 0,
        "hud_render": {
            "should_render": true,
            "sprite_location": "origins:textures/gui/community/huang/resource_bar_01.png",
            "bar_index": 1,
            "condition": {
                "type": "origins:resource",
                "comparison": "==",
                "resource": "kitsune:tail_tracker_tails",
                "compare_to": 2
            }
        },
        "max_action": {
            "type": "origins:and",
            "actions": [
                {
                    "type": "origins:change_resource",
                    "operation": "set",
                    "resource": "kitsune:tail_tracker_tails",
                    "change": 3
                },
                {
                    "type": "origins:execute_command",
                    "command": "function kitsune:tail_triggers/tail_three"
                },
                {
                    "type": "origins:change_resource",
                    "operation": "set",
                    "resource": "kitsune:exp_tail_two",
                    "change": 0
                }
            ]
        }
    },
    "tail_three": {
        "type": "origins:resource",
        "max": 1250,
        "min": 0,
        "hud_render": {
            "should_render": true,
            "sprite_location": "origins:textures/gui/community/huang/resource_bar_01.png",
            "bar_index": 1,
            "condition": {
                "type": "origins:resource",
                "comparison": "==",
                "resource": "kitsune:tail_tracker_tails",
                "compare_to": 3
            }
        },
        "max_action": {
            "type": "origins:and",
            "actions": [
                {
                    "type": "origins:change_resource",
                    "operation": "set",
                    "resource": "kitsune:tail_tracker_tails",
                    "change": 4
                },
                {
                    "type": "origins:execute_command",
                    "command": "function kitsune:tail_triggers/tail_four"
                },
                {
                    "type": "origins:change_resource",
                    "operation": "set",
                    "resource": "kitsune:exp_tail_three",
                    "change": 0
                }
            ]
        }
    },
    "tail_four": {
        "type": "origins:resource",
        "max": 2000,
        "min": 0,
        "hud_render": {
            "should_render": true,
            "sprite_location": "origins:textures/gui/community/huang/resource_bar_01.png",
            "bar_index": 1,
            "condition": {
                "type": "origins:resource",
                "comparison": "==",
                "resource": "kitsune:tail_tracker_tails",
                "compare_to": 4
            }
        },
        "max_action": {
            "type": "origins:and",
            "actions": [
                {
                    "type": "origins:change_resource",
                    "operation": "set",
                    "resource": "kitsune:tail_tracker_tails",
                    "change": 5
                },
                {
                    "type": "origins:execute_command",
                    "command": "function kitsune:tail_triggers/tail_five"
                },
                {
                    "type": "origins:change_resource",
                    "operation": "set",
                    "resource": "kitsune:exp_tail_four",
                    "change": 0
                }
            ]
        }
    },
    "tail_five": {
        "type": "origins:resource",
        "max": 3000,
        "min": 0,
        "hud_render": {
            "should_render": true,
            "sprite_location": "origins:textures/gui/community/huang/resource_bar_01.png",
            "bar_index": 1,
            "condition": {
                "type": "origins:resource",
                "comparison": "==",
                "resource": "kitsune:tail_tracker_tails",
                "compare_to": 5
            }
        },
        "max_action": {
            "type": "origins:and",
            "actions": [
                {
                    "type": "origins:change_resource",
                    "operation": "set",
                    "resource": "kitsune:tail_tracker_tails",
                    "change": 6
                },
                {
                    "type": "origins:execute_command",
                    "command": "function kitsune:tail_triggers/tail_six"
                },
                {
                    "type": "origins:change_resource",
                    "operation": "set",
                    "resource": "kitsune:exp_tail_five",
                    "change": 0
                }
            ]
        }
    }
}